email,first_name,name_guess,last_name,company_name,short_name,website,location,city,state,niche,service,gap,gap_line,gap_subject,fix_line,second_gap,second_gap_sentence,season_hook,campaign,email_type,email_status,gap_confirmed,send_ready
customerservice@turnerpest.com,there,,,Turner Pest Control,Turner Pest Control,https://www.turnerpest.com/pest-control/ocala/,"Ocala, FL",Ocala,FL,exterior,pressure washing,reviews,"you've got plenty of strong Google reviews, but none of them show on your site, and reviews are one of the first things a homeowner checks",your google reviews,"your best Google reviews right under the headline, next to your phone number",prices,While I was there I'd also show starting prices., before the spring rush,exterior-other-gaps,personal,unverified,yes,no
info@superiorchattanooga.com,there,,,Superior Shine,Superior Shine,https://www.superiorchattanooga.com/,"Collegedale, TN",Collegedale,TN,exterior,pressure washing,request_form,"there's no way to ask for a quote on your site, so homeowners have to call and catch you between jobs",quote requests,a short quote request form near the top that works on a phone and sends straight to you,before_after,While I was there I'd also put your before-and-afters up top., before the spring rush,exterior-other-gaps,role,unverified,yes,no
benjamin@fullcolorcleaners.com,Benjamin,Benjamin,,Full Color Cleaners,Full Color Cleaners,https://fullcolorcleaners.com/,"Austin, TX",Austin,TX,exterior,pressure washing,request_form,"there's no way to ask for a quote on your site, so homeowners have to call and catch you between jobs",quote requests,a short quote request form near the top that works on a phone and sends straight to you,reviews,While I was there I'd also put your Google reviews on the page., before the spring rush,exterior-other-gaps,personal,unverified,yes,no
scott@wincleanplus.com,Scott,Scott,,Win Clean Plus,Win Clean Plus,https://www.wincleanplus.com/contact-us/,"Smyrna, GA",Smyrna,GA,exterior,pressure washing,request_form,"there's no way to ask for a quote on your site, so homeowners have to call and catch you between jobs",quote requests,a short quote request form near the top that works on a phone and sends straight to you,prices,While I was there I'd also show starting prices., before the spring rush,exterior-other-gaps,personal,unverified,yes,no
gatorboyzpw@gmail.com,there,,,Gator Boyz Pressure Washing,Gator Boyz Pressure Washing,http://gatorboyzpw.com/,"Riverview, FL",Riverview,FL,exterior,pressure washing,request_form,"there's no way to ask for a quote on your site, so homeowners have to call and catch you between jobs",quote requests,a short quote request form near the top that works on a phone and sends straight to you,prices,While I was there I'd also show starting prices., before the spring rush,exterior-other-gaps,free,unverified,yes,no
geoff@ezflowwindowcleaning.com,there,Geoff,,EZ Flow Window Cleaning & Pressure Washing,EZ Flow Window Cleaning,https://ezflowwindowcleaning.com/,"Raleigh, NC",Raleigh,NC,exterior,window cleaning,reviews,"you've got plenty of strong Google reviews, but none of them show on your site, and reviews are one of the first things a homeowner checks",your google reviews,"your best Google reviews right under the headline, next to your phone number",prices,While I was there I'd also show starting prices., before the spring rush,exterior-other-gaps,personal,unverified,yes,no
contact@adpressureclean.com,there,,,American Dream Pressure Clean,American Dream Pressure Clean,https://adpressureclean.com/,"Tampa, FL",Tampa,FL,exterior,pressure washing,request_form,"there's no way to ask for a quote on your site, so homeowners have to call and catch you between jobs",quote requests,a short quote request form near the top that works on a phone and sends straight to you,reviews,While I was there I'd also put your Google reviews on the page., before the spring rush,exterior-other-gaps,role,unverified,yes,no
info@frogroofing.com,there,,,Frog Roofing,Frog Roofing,https://frogroofing.com/,"Plano, TX",Plano,TX,exterior,roof cleaning,request_form,"there's no way to ask for a quote on your site, so homeowners have to call and catch you between jobs",quote requests,a short quote request form near the top that works on a phone and sends straight to you,prices,While I was there I'd also show starting prices., before the spring rush,exterior-other-gaps,role,unverified,yes,no
claubach@servicebuddyllc.com,there,Claubach,,Service Buddy,Service Buddy,https://servicebuddyllc.com/,"Round Rock, TX",Round Rock,TX,exterior,pressure washing,reviews,"you've got plenty of strong Google reviews, but none of them show on your site, and reviews are one of the first things a homeowner checks",your google reviews,"your best Google reviews right under the headline, next to your phone number",prices,While I was there I'd also show starting prices., before the spring rush,exterior-other-gaps,personal,unverified,yes,no
stevendavis1717@gmail.com,there,,,Bullseye Pressure Washing,Bullseye Pressure Washing,http://www.bullseyepressurewashing.com/,"Jacksonville, FL",Jacksonville,FL,exterior,pressure washing,reviews,"you've got plenty of strong Google reviews, but none of them show on your site, and reviews are one of the first things a homeowner checks",your google reviews,"your best Google reviews right under the headline, next to your phone number",prices,While I was there I'd also show starting prices., before the spring rush,exterior-other-gaps,free,unverified,yes,no
softwash911@gmail.com,there,,,Soft Wash 911,Soft Wash 911,http://softwash911.com/,"Jacksonville, FL",Jacksonville,FL,exterior,soft washing,reviews,"you've got plenty of strong Google reviews, but none of them show on your site, and reviews are one of the first things a homeowner checks",your google reviews,"your best Google reviews right under the headline, next to your phone number",prices,While I was there I'd also show starting prices., before the spring rush,exterior-other-gaps,free,unverified,yes,no
info@dougruckerstore.com,there,,,DougRuckerStore,DougRuckerStore,https://www.dougruckerstore.com/,"Porter, TX",Porter,TX,exterior,pressure washing,reviews,"you've got plenty of strong Google reviews, but none of them show on your site, and reviews are one of the first things a homeowner checks",your google reviews,"your best Google reviews right under the headline, next to your phone number",,, before the spring rush,exterior-other-gaps,role,unverified,yes,no
service@txusgutters.com,there,,,Tx-Us Seamless Gutters,Tx-Us Seamless Gutters,http://txusgutters.com/,"Houston, TX",Houston,TX,exterior,gutter cleaning,reviews,"you've got plenty of strong Google reviews, but none of them show on your site, and reviews are one of the first things a homeowner checks",your google reviews,"your best Google reviews right under the headline, next to your phone number",prices,While I was there I'd also show starting prices., before the spring rush,exterior-other-gaps,role,unverified,yes,no
jbmobilepressurewashingservice@outlook.com,there,,,J&B Mobile Pressure Washing Service,J&B Mobile Pressure Washing Service,http://www.jbmobilepressurewashing.biz/,"Fresno, TX",Fresno,TX,exterior,pressure washing,reviews,"you've got plenty of strong Google reviews, but none of them show on your site, and reviews are one of the first things a homeowner checks",your google reviews,"your best Google reviews right under the headline, next to your phone number",prices,While I was there I'd also show starting prices., before the spring rush,exterior-other-gaps,free,unverified,yes,no
yomirservices@gmail.com,there,,,Yomir Pressure Washing,Yomir Pressure Washing,https://www.yomirpressurewashing.com/,"Greensboro, NC",Greensboro,NC,exterior,pressure washing,reviews,"you've got plenty of strong Google reviews, but none of them show on your site, and reviews are one of the first things a homeowner checks",your google reviews,"your best Google reviews right under the headline, next to your phone number",prices,While I was there I'd also show starting prices., before the spring rush,exterior-other-gaps,free,unverified,yes,no
abidewindowservices@gmail.com,there,,,ABIDE WINDOW SERVICES,ABIDE WINDOW SERVICES,http://www.windowcleaningcharlotte.com/,"Charlotte, NC",Charlotte,NC,exterior,window cleaning,reviews,"you've got plenty of strong Google reviews, but none of them show on your site, and reviews are one of the first things a homeowner checks",your google reviews,"your best Google reviews right under the headline, next to your phone number",prices,While I was there I'd also show starting prices., before the spring rush,exterior-other-gaps,free,unverified,yes,no
nubirth2@att.net,there,,,Nubirth Pressure Washing,Nubirth Pressure Washing,https://www.nubirthpressurewashing.com/,"Jacksonville, FL",Jacksonville,FL,exterior,pressure washing,request_form,"there's no way to ask for a quote on your site, so homeowners have to call and catch you between jobs",quote requests,a short quote request form near the top that works on a phone and sends straight to you,,, before the spring rush,exterior-other-gaps,free,unverified,yes,no
support@k-mpw.com,there,,,Katy Memorial Services,Katy Memorial Services,http://www.k-mpw.com/,"Katy, TX",Katy,TX,exterior,pressure washing,request_form,"there's no way to ask for a quote on your site, so homeowners have to call and catch you between jobs",quote requests,a short quote request form near the top that works on a phone and sends straight to you,reviews,While I was there I'd also put your Google reviews on the page., before the spring rush,exterior-other-gaps,role,unverified,yes,no
sales@powerwashcharlotte.com,there,,,Power Wash Charlotte,Power Wash Charlotte,https://powerwashcharlotte.com/,"Charlotte, NC",Charlotte,NC,exterior,pressure washing,request_form,"there's no way to ask for a quote on your site, so homeowners have to call and catch you between jobs",quote requests,a short quote request form near the top that works on a phone and sends straight to you,prices,While I was there I'd also show starting prices., before the spring rush,exterior-other-gaps,role,unverified,yes,no
mitchelljeremy86@gmail.com,there,,,Mitchell's Pressure Washing,Mitchell's Pressure Washing,http://mitchellswashing.com/,"Greensboro, NC",Greensboro,NC,exterior,pressure washing,request_form,"there's no way to ask for a quote on your site, so homeowners have to call and catch you between jobs",quote requests,a short quote request form near the top that works on a phone and sends straight to you,prices,While I was there I'd also show starting prices., before the spring rush,exterior-other-gaps,free,unverified,yes,no
micah@cleangreenville.com,Micah,Micah,,EcoClean,EcoClean,http://www.cleangreenville.com/,"Greenville, SC",Greenville,SC,exterior,pressure washing,request_form,"there's no way to ask for a quote on your site, so homeowners have to call and catch you between jobs",quote requests,a short quote request form near the top that works on a phone and sends straight to you,prices,While I was there I'd also show starting prices., before the spring rush,exterior-other-gaps,personal,unverified,yes,no
expresssoftandpressurewash@gmail.com,there,,,Express Soft And Pressure Wash,Express Soft,https://www.jacksonvilleflpowerwash.com/,"Jacksonville, FL",Jacksonville,FL,exterior,soft washing,reviews,"you've got plenty of strong Google reviews, but none of them show on your site, and reviews are one of the first things a homeowner checks",your google reviews,"your best Google reviews right under the headline, next to your phone number",prices,While I was there I'd also show starting prices., before the spring rush,exterior-other-gaps,free,unverified,yes,no
info@vividservicesaz.com,there,,,Vivid Window Cleaning,Vivid Window Cleaning,https://vividservicesaz.com/,"Peoria, AZ",Peoria,AZ,exterior,window cleaning,request_form,"there's no way to ask for a quote on your site, so homeowners have to call and catch you between jobs",quote requests,a short quote request form near the top that works on a phone and sends straight to you,prices,While I was there I'd also show starting prices., before the spring rush,exterior-other-gaps,role,unverified,yes,no
cassell.king@royaltouchwindows.com,there,,,Royal Touch Windows,Royal Touch Windows,https://royaltouchwindows.com/,"Houston, TX",Houston,TX,exterior,window cleaning,request_form,"there's no way to ask for a quote on your site, so homeowners have to call and catch you between jobs",quote requests,a short quote request form near the top that works on a phone and sends straight to you,prices,While I was there I'd also show starting prices., before the spring rush,exterior-other-gaps,personal,unverified,yes,no
info@dmpressurewashing.com,there,,,DM Pressure Washing & Striping,DM Pressure Washing,http://www.dmpressurewashing.com/,"The Woodlands, TX",The Woodlands,TX,exterior,pressure washing,reviews,"you've got plenty of strong Google reviews, but none of them show on your site, and reviews are one of the first things a homeowner checks",your google reviews,"your best Google reviews right under the headline, next to your phone number",prices,While I was there I'd also show starting prices., before the spring rush,exterior-other-gaps,role,unverified,yes,no
mitchellb@h2whoa.net,there,Mitchellb,,H2Whoa Exterior Cleaning,H2Whoa Exterior Cleaning,http://h2whoa.net/,"Raleigh, NC",Raleigh,NC,exterior,pressure washing,reviews,"you've got plenty of strong Google reviews, but none of them show on your site, and reviews are one of the first things a homeowner checks",your google reviews,"your best Google reviews right under the headline, next to your phone number",prices,While I was there I'd also show starting prices., before the spring rush,exterior-other-gaps,personal,unverified,yes,no
valleyshinepro@gmail.com,there,,,ValleyShinePro,ValleyShinePro,https://www.valleyshinepro.com/,"Phoenix, AZ",Phoenix,AZ,exterior,pressure washing,request_form,"there's no way to ask for a quote on your site, so homeowners have to call and catch you between jobs",quote requests,a short quote request form near the top that works on a phone and sends straight to you,prices,While I was there I'd also show starting prices., before the spring rush,exterior-other-gaps,free,unverified,yes,no
jakehuskamp.pc@gmail.com,there,,,Huskamp Power Cleaning,Huskamp Power Cleaning,http://huskamppowercleaning.com/,"Greenville, SC",Greenville,SC,exterior,pressure washing,reviews,"you've got plenty of strong Google reviews, but none of them show on your site, and reviews are one of the first things a homeowner checks",your google reviews,"your best Google reviews right under the headline, next to your phone number",prices,While I was there I'd also show starting prices., before the spring rush,exterior-other-gaps,free,unverified,yes,no
info@imperialshinewindows.com,there,,,Imperial Shine Windows,Imperial Shine Windows,https://imperialshinewindows.com/,"Richmond, TX",Richmond,TX,exterior,window cleaning,reviews,"you've got plenty of strong Google reviews, but none of them show on your site, and reviews are one of the first things a homeowner checks",your google reviews,"your best Google reviews right under the headline, next to your phone number",prices,While I was there I'd also show starting prices., before the spring rush,exterior-other-gaps,role,unverified,yes,no
cooperpowerwashing26@gmail.com,there,,,Cooper's Power Washing Services L.L.C,Cooper's Power Washing Services L.L.C,https://www.cooperspw.com/,"Dallas, TX",Dallas,TX,exterior,pressure washing,reviews,"you've got plenty of strong Google reviews, but none of them show on your site, and reviews are one of the first things a homeowner checks",your google reviews,"your best Google reviews right under the headline, next to your phone number",prices,While I was there I'd also show starting prices., before the spring rush,exterior-other-gaps,free,unverified,yes,no
kdlgutters@gmail.com,there,,,KDL Gutters,KDL Gutters,https://www.kdl-gutters.com/,"Charlotte, NC",Charlotte,NC,exterior,gutter cleaning,reviews,"you've got plenty of strong Google reviews, but none of them show on your site, and reviews are one of the first things a homeowner checks",your google reviews,"your best Google reviews right under the headline, next to your phone number",prices,While I was there I'd also show starting prices., before the spring rush,exterior-other-gaps,free,unverified,yes,no
gutterdoc97@gmail.com,there,,,Gutter Doctor,Gutter Doctor,https://www.gutterdoctorinc.com/,"Tampa, FL",Tampa,FL,exterior,gutter cleaning,reviews,"you've got plenty of strong Google reviews, but none of them show on your site, and reviews are one of the first things a homeowner checks",your google reviews,"your best Google reviews right under the headline, next to your phone number",prices,While I was there I'd also show starting prices., before the spring rush,exterior-other-gaps,free,unverified,yes,no
tampaguttercleaning@yahoo.com,there,,,Tampa Gutter Cleaning,Tampa Gutter Cleaning,http://www.tampaguttercleaning.com/,"Brandon, FL",Brandon,FL,exterior,gutter cleaning,reviews,"you've got plenty of strong Google reviews, but none of them show on your site, and reviews are one of the first things a homeowner checks",your google reviews,"your best Google reviews right under the headline, next to your phone number",prices,While I was there I'd also show starting prices., before the spring rush,exterior-other-gaps,free,unverified,yes,no
tkw.matt@gmail.com,there,,,TKW Pressure Washing Plus,TKW Pressure Washing Plus,https://www.tkwpressure.com/,"Tomball, TX",Tomball,TX,exterior,pressure washing,request_form,"there's no way to ask for a quote on your site, so homeowners have to call and catch you between jobs",quote requests,a short quote request form near the top that works on a phone and sends straight to you,prices,While I was there I'd also show starting prices., before the spring rush,exterior-other-gaps,free,unverified,yes,no
orville@dfwpressurewasher.com,Orville,Orville,,DFW Pressure Washer,DFW Pressure Washer,https://dfwpressurewasher.com/,"Sunnyvale, TX",Sunnyvale,TX,exterior,pressure washing,reviews,"you've got plenty of strong Google reviews, but none of them show on your site, and reviews are one of the first things a homeowner checks",your google reviews,"your best Google reviews right under the headline, next to your phone number",prices,While I was there I'd also show starting prices., before the spring rush,exterior-other-gaps,personal,unverified,yes,no
mike@absolutechemical.com,there,Mike,,Absolute Chemical & Equipment,Absolute Chemical,http://www.absolutechemical.com/,"Nashville, TN",Nashville,TN,exterior,pressure washing,reviews,"you've got plenty of strong Google reviews, but none of them show on your site, and reviews are one of the first things a homeowner checks",your google reviews,"your best Google reviews right under the headline, next to your phone number",,, before the spring rush,exterior-other-gaps,personal,unverified,yes,no
clearhorizons@kissyourglass.com,there,,,Clear Horizons Window Cleaning & Pressure Washing,Clear Horizons Window Cleaning,https://www.kissyourglass.com/,"Tomball, TX",Tomball,TX,exterior,window cleaning,reviews,"you've got plenty of strong Google reviews, but none of them show on your site, and reviews are one of the first things a homeowner checks",your google reviews,"your best Google reviews right under the headline, next to your phone number",prices,While I was there I'd also show starting prices., before the spring rush,exterior-other-gaps,personal,unverified,yes,no
codya@norseexterior.com,there,Codya,,Norse Exterior Solutions,Norse Exterior Solutions,https://www.norseexterior.com/,"Raleigh, NC",Raleigh,NC,exterior,pressure washing,request_form,"there's no way to ask for a quote on your site, so homeowners have to call and catch you between jobs",quote requests,a short quote request form near the top that works on a phone and sends straight to you,prices,While I was there I'd also show starting prices., before the spring rush,exterior-other-gaps,personal,unverified,yes,no
info@wilderseamlessgutters.com,there,,,Wilder's Seamless Gutters,Wilder's Seamless Gutters,https://wilderseamlessgutters.com/,"Tyler, TX",Tyler,TX,exterior,gutter cleaning,request_form,"there's no way to ask for a quote on your site, so homeowners have to call and catch you between jobs",quote requests,a short quote request form near the top that works on a phone and sends straight to you,reviews,While I was there I'd also put your Google reviews on the page., before the spring rush,exterior-other-gaps,role,unverified,yes,no
info@brightcornersservices.com,there,,,BRIGHT CORNERS building cleaning solutions,BRIGHT CORNERS building cleaning solutions,http://www.brightcornersservices.com/,"Ocala, FL",Ocala,FL,exterior,pressure washing,reviews,"you've got plenty of strong Google reviews, but none of them show on your site, and reviews are one of the first things a homeowner checks",your google reviews,"your best Google reviews right under the headline, next to your phone number",prices,While I was there I'd also show starting prices., before the spring rush,exterior-other-gaps,role,unverified,yes,no
info@docspowerwash.com,there,,,DOC'S POWER WASH,DOC'S POWER WASH,https://docspowerwash.com/,"St. Petersburg, FL",St. Petersburg,FL,exterior,pressure washing,request_form,"there's no way to ask for a quote on your site, so homeowners have to call and catch you between jobs",quote requests,a short quote request form near the top that works on a phone and sends straight to you,prices,While I was there I'd also show starting prices., before the spring rush,exterior-other-gaps,role,unverified,yes,no
rivercitypowerwash4@gmail.com,there,,,River City Power Wash,River City Power Wash,https://rcpowerwash.com/,"Little Rock, AR",Little Rock,AR,exterior,pressure washing,reviews,"you've got plenty of strong Google reviews, but none of them show on your site, and reviews are one of the first things a homeowner checks",your google reviews,"your best Google reviews right under the headline, next to your phone number",prices,While I was there I'd also show starting prices., before the spring rush,exterior-other-gaps,free,unverified,yes,no
gotchaaaservicesllc@gmail.com,there,,,We Gotcha Back Pressure Washing,We Gotcha Back Pressure Washing,https://www.wegotchabackpressurewashing.com/,"Sugar Land, TX",Sugar Land,TX,exterior,pressure washing,reviews,"you've got plenty of strong Google reviews, but none of them show on your site, and reviews are one of the first things a homeowner checks",your google reviews,"your best Google reviews right under the headline, next to your phone number",prices,While I was there I'd also show starting prices., before the spring rush,exterior-other-gaps,free,unverified,yes,no
info@purecleanexterior.com,there,,,Pure Clean Exterior,Pure Clean Exterior,https://purecleanexterior.com/,"Pineville, NC",Pineville,NC,exterior,pressure washing,reviews,"you've got plenty of strong Google reviews, but none of them show on your site, and reviews are one of the first things a homeowner checks",your google reviews,"your best Google reviews right under the headline, next to your phone number",prices,While I was there I'd also show starting prices., before the spring rush,exterior-other-gaps,role,unverified,yes,no
directpressurellc@yahoo.com,there,,,Direct Pressure,Direct Pressure,https://directpressure.carrd.co/,"Orlando, FL",Orlando,FL,exterior,pressure washing,reviews,"you've got plenty of strong Google reviews, but none of them show on your site, and reviews are one of the first things a homeowner checks",your google reviews,"your best Google reviews right under the headline, next to your phone number",prices,While I was there I'd also show starting prices., before the spring rush,exterior-other-gaps,free,unverified,yes,no
epwpressurewashers@yahoo.com,there,,,Extreme Pressure Washers,Extreme Pressure Washers,http://epwpressurewashers.com/,"Austin, TX",Austin,TX,exterior,pressure washing,request_form,"there's no way to ask for a quote on your site, so homeowners have to call and catch you between jobs",quote requests,a short quote request form near the top that works on a phone and sends straight to you,reviews,While I was there I'd also put your Google reviews on the page., before the spring rush,exterior-other-gaps,free,unverified,yes,no
info@warriorwindowcleaning.com,there,,,We Clean Windows,We Clean Windows,http://www.warriorwindowcleaning.com/,"East Point, GA",East Point,GA,exterior,window cleaning,reviews,"you've got plenty of strong Google reviews, but none of them show on your site, and reviews are one of the first things a homeowner checks",your google reviews,"your best Google reviews right under the headline, next to your phone number",prices,While I was there I'd also show starting prices., before the spring rush,exterior-other-gaps,role,unverified,yes,no
brantley@softwashsolutions.com,Brantley,Brantley,,SoftWash Solutions,SoftWash Solutions,http://www.softwashsolutions.com/,"Houston, TX",Houston,TX,exterior,soft washing,request_form,"there's no way to ask for a quote on your site, so homeowners have to call and catch you between jobs",quote requests,a short quote request form near the top that works on a phone and sends straight to you,prices,While I was there I'd also show starting prices., before the spring rush,exterior-other-gaps,personal,unverified,yes,no
maximumpressurewashin@gmail.com,there,,,Maximum Pressure Washing,Maximum Pressure Washing,https://maximumpw.com/,"Stagecoach, TX",Stagecoach,TX,exterior,pressure washing,reviews,"you've got plenty of strong Google reviews, but none of them show on your site, and reviews are one of the first things a homeowner checks",your google reviews,"your best Google reviews right under the headline, next to your phone number",prices,While I was there I'd also show starting prices., before the spring rush,exterior-other-gaps,free,unverified,yes,no
jodywilsonconst@aol.com,there,,,Jody Wilson Construction,Jody Wilson Construction,http://www.jodywilsonconstruction.com/,"Ocala, FL",Ocala,FL,exterior,pressure washing,request_form,"there's no way to ask for a quote on your site, so homeowners have to call and catch you between jobs",quote requests,a short quote request form near the top that works on a phone and sends straight to you,prices,While I was there I'd also show starting prices., before the spring rush,exterior-other-gaps,free,unverified,yes,no
chad@yourqualitypressurewashing.com,Chad,Chad,,Your Quality Pressure Washing,Your Quality Pressure Washing,https://www.yourqualitypressurewashing.com/,"Houston, TX",Houston,TX,exterior,pressure washing,request_form,"there's no way to ask for a quote on your site, so homeowners have to call and catch you between jobs",quote requests,a short quote request form near the top that works on a phone and sends straight to you,prices,While I was there I'd also show starting prices., before the spring rush,exterior-other-gaps,personal,unverified,yes,no
spotlessgutters2023@gmail.com,there,,,Spotless Gutter Cleaning,Spotless Gutter Cleaning,http://spotlessguttercleaningfl.com/,"Ocala, FL",Ocala,FL,exterior,gutter cleaning,request_form,"there's no way to ask for a quote on your site, so homeowners have to call and catch you between jobs",quote requests,a short quote request form near the top that works on a phone and sends straight to you,reviews,While I was there I'd also put your Google reviews on the page., before the spring rush,exterior-other-gaps,free,unverified,yes,no
tony@baywaypowerwash.com,there,Tony,,Bay-Way Power Wash,Bay-Way Power Wash,http://www.baywaypowerwash.com/,"Semmes, AL",Semmes,AL,exterior,pressure washing,request_form,"there's no way to ask for a quote on your site, so homeowners have to call and catch you between jobs",quote requests,a short quote request form near the top that works on a phone and sends straight to you,prices,While I was there I'd also show starting prices., before the spring rush,exterior-other-gaps,personal,unverified,yes,no
anthony@drsqueegeeclt.com,there,Anthony,,Dr. Squeegee House Washing,Dr. Squeegee House Washing,https://drsqueegeeclt.com/,"Charlotte, NC",Charlotte,NC,exterior,pressure washing,request_form,"there's no way to ask for a quote on your site, so homeowners have to call and catch you between jobs",quote requests,a short quote request form near the top that works on a phone and sends straight to you,prices,While I was there I'd also show starting prices., before the spring rush,exterior-other-gaps,personal,unverified,yes,no
mattholdridge@mojopressurewashing.com,there,,,Mojo Pressure Washing,Mojo Pressure Washing,http://www.mojopressurewashing.com/,"Austin, TX",Austin,TX,exterior,pressure washing,request_form,"there's no way to ask for a quote on your site, so homeowners have to call and catch you between jobs",quote requests,a short quote request form near the top that works on a phone and sends straight to you,before_after,While I was there I'd also put your before-and-afters up top., before the spring rush,exterior-other-gaps,personal,unverified,yes,no
oceantime8@gmail.com,there,,,Oceantime Pressure Washing,Oceantime Pressure Washing,http://oceantimepressurewashing.com/,"Ponte Vedra Beach, FL",Ponte Vedra Beach,FL,exterior,pressure washing,request_form,"there's no way to ask for a quote on your site, so homeowners have to call and catch you between jobs",quote requests,a short quote request form near the top that works on a phone and sends straight to you,reviews,While I was there I'd also put your Google reviews on the page., before the spring rush,exterior-other-gaps,free,unverified,yes,no
bhotgolf@yahoo.com,there,,,Skyline Window Cleaning,Skyline Window Cleaning,https://skyline-window-cleaning-eufsy.zensmb.com/,"Tyler, TX",Tyler,TX,exterior,window cleaning,reviews,"you've got plenty of strong Google reviews, but none of them show on your site, and reviews are one of the first things a homeowner checks",your google reviews,"your best Google reviews right under the headline, next to your phone number",prices,While I was there I'd also show starting prices., before the spring rush,exterior-other-gaps,free,unverified,yes,no
contact@americanexteriorsusa.com,there,,,American Exteriors,American Exteriors,http://americanexteriorsusa.com/,"Matthews, NC",Matthews,NC,exterior,pressure washing,reviews,"you've got plenty of strong Google reviews, but none of them show on your site, and reviews are one of the first things a homeowner checks",your google reviews,"your best Google reviews right under the headline, next to your phone number",prices,While I was there I'd also show starting prices., before the spring rush,exterior-other-gaps,role,unverified,yes,no
sheridallas.cgs@gmail.com,there,,,Chuck's Guttering Services,Chuck's Guttering Services,https://chuckguttering.squarespace.com/,"Pasadena, TX",Pasadena,TX,exterior,gutter cleaning,reviews,"you've got plenty of strong Google reviews, but none of them show on your site, and reviews are one of the first things a homeowner checks",your google reviews,"your best Google reviews right under the headline, next to your phone number",prices,While I was there I'd also show starting prices., before the spring rush,exterior-other-gaps,free,unverified,yes,no
info@h2opowertek.com,there,,,H2O PowerTek - Pressure Washing Made SIMPLE,H2O PowerTek,https://www.h2opowertek.com/,"Orlando, FL",Orlando,FL,exterior,pressure washing,reviews,"you've got plenty of strong Google reviews, but none of them show on your site, and reviews are one of the first things a homeowner checks",your google reviews,"your best Google reviews right under the headline, next to your phone number",prices,While I was there I'd also show starting prices., before the spring rush,exterior-other-gaps,role,unverified,yes,no
nelsonsexteriorcleaningllc@gmail.com,there,,,Nelson's Exterior Cleaning,Nelson's Exterior Cleaning,https://www.nelsonsexteriorclean.com/,"Dallas, TX",Dallas,TX,exterior,pressure washing,reviews,"you've got plenty of strong Google reviews, but none of them show on your site, and reviews are one of the first things a homeowner checks",your google reviews,"your best Google reviews right under the headline, next to your phone number",prices,While I was there I'd also show starting prices., before the spring rush,exterior-other-gaps,free,unverified,yes,no
addiscountpressurewashing@gmail.com,there,,,AD Discount Pressure Washing,AD Discount Pressure Washing,https://addiscountpressurewashing.squarespace.com/,"High Point, NC",High Point,NC,exterior,pressure washing,reviews,"you've got plenty of strong Google reviews, but none of them show on your site, and reviews are one of the first things a homeowner checks",your google reviews,"your best Google reviews right under the headline, next to your phone number",prices,While I was there I'd also show starting prices., before the spring rush,exterior-other-gaps,free,unverified,yes,no
safewash@yahoo.com,there,,,Pressure Washing Charlotte,Pressure Washing Charlotte,http://www.pressurewashingcharlotte.com/,"Charlotte, NC",Charlotte,NC,exterior,pressure washing,request_form,"there's no way to ask for a quote on your site, so homeowners have to call and catch you between jobs",quote requests,a short quote request form near the top that works on a phone and sends straight to you,prices,While I was there I'd also show starting prices., before the spring rush,exterior-other-gaps,free,unverified,yes,no
luis@timpressurewashing.com,there,Luis,,Tims Pressure Washing,Tims Pressure Washing,http://www.timpressurewashing.com/,"Seffner, FL",Seffner,FL,exterior,pressure washing,not_mobile,"your site isn't set up for phones, so it shows up shrunk down and hard to tap, and most people looking you up are on a phone",your site on phones,"a page built for phones first, with your number and a quote request button you can hit with a thumb",prices,While I was there I'd also show starting prices., before the spring rush,exterior-other-gaps,personal,unverified,yes,no
blpressurewashingnc@gmail.com,there,,,B&L Pressure Washing,B&L Pressure Washing,http://www.blpressurewashing.com/,"Greensboro, NC",Greensboro,NC,exterior,pressure washing,tap_to_call,"on a phone there's no button to tap and call you, so people have to copy your number by hand",call button,a call button and a text button that stay at the bottom of the screen on phones,,, before the spring rush,exterior-other-gaps,free,unverified,yes,no
info@cavalrywindows.com,there,,,Cavalry Window Cleaning,Cavalry Window Cleaning,https://www.cavalrywindows.com/,"Ponte Vedra Beach, FL",Ponte Vedra Beach,FL,exterior,window cleaning,reviews,"you've got plenty of strong Google reviews, but none of them show on your site, and reviews are one of the first things a homeowner checks",your google reviews,"your best Google reviews right under the headline, next to your phone number",prices,While I was there I'd also show starting prices., before the spring rush,exterior-other-gaps,role,unverified,yes,no
duffyswash@gmail.com,there,,,Duffy's Window & Pressure Wash,Duffy's Window,http://duffyswash.com/,"Hendersonville, TN",Hendersonville,TN,exterior,window cleaning,reviews,"you've got plenty of strong Google reviews, but none of them show on your site, and reviews are one of the first things a homeowner checks",your google reviews,"your best Google reviews right under the headline, next to your phone number",prices,While I was there I'd also show starting prices., before the spring rush,exterior-other-gaps,free,unverified,yes,no
estimating@eliteroofingofnashville.com,there,,,Elite Roofing Company,Elite Roofing Company,https://eliteroofingofnashville.com/,"Nashville, TN",Nashville,TN,exterior,roof cleaning,reviews,"you've got plenty of strong Google reviews, but none of them show on your site, and reviews are one of the first things a homeowner checks",your google reviews,"your best Google reviews right under the headline, next to your phone number",prices,While I was there I'd also show starting prices., before the spring rush,exterior-other-gaps,personal,unverified,yes,no
owen@anchorpw.com,Owen,Owen,,Anchor Pressure Washing,Anchor Pressure Washing,https://anchorpw.com/,"Franklin, TN",Franklin,TN,exterior,pressure washing,reviews,"you've got plenty of strong Google reviews, but none of them show on your site, and reviews are one of the first things a homeowner checks",your google reviews,"your best Google reviews right under the headline, next to your phone number",prices,While I was there I'd also show starting prices., before the spring rush,exterior-other-gaps,personal,unverified,yes,no
info@elitebaypressurepros.com,there,,,ELITE BAY PRESSURE PROS,ELITE BAY PRESSURE PROS,https://www.elitebaypressurepros.com/en,"Tampa, FL",Tampa,FL,exterior,pressure washing,request_form,"there's no way to ask for a quote on your site, so homeowners have to call and catch you between jobs",quote requests,a short quote request form near the top that works on a phone and sends straight to you,prices,While I was there I'd also show starting prices., before the spring rush,exterior-other-gaps,role,unverified,yes,no
schylar@brooks-exterior.com,Schylar,Schylar,,Brooks Exterior,Brooks Exterior,https://brooks-exterior.com/,"Charlotte, NC",Charlotte,NC,exterior,pressure washing,reviews,"you've got plenty of strong Google reviews, but none of them show on your site, and reviews are one of the first things a homeowner checks",your google reviews,"your best Google reviews right under the headline, next to your phone number",prices,While I was there I'd also show starting prices., before the spring rush,exterior-other-gaps,personal,unverified,yes,no
dasapowerwash@hotmail.com,there,,,Dasa's Pressure Washing,Dasa's Pressure Washing,https://dasaspressurewashing.godaddysites.com/,"Cary, NC",Cary,NC,exterior,pressure washing,reviews,"you've got plenty of strong Google reviews, but none of them show on your site, and reviews are one of the first things a homeowner checks",your google reviews,"your best Google reviews right under the headline, next to your phone number",prices,While I was there I'd also show starting prices., before the spring rush,exterior-other-gaps,free,unverified,yes,no
kenion@spotlessexteriorcare.com,Kenion,Kenion,,Spotless Exterior Care,Spotless Exterior Care,https://spotlessexteriorcare.com/,"Ocala, FL",Ocala,FL,exterior,pressure washing,reviews,"you've got plenty of strong Google reviews, but none of them show on your site, and reviews are one of the first things a homeowner checks",your google reviews,"your best Google reviews right under the headline, next to your phone number",prices,While I was there I'd also show starting prices., before the spring rush,exterior-other-gaps,personal,unverified,yes,no
dispatch@supershinejax.com,there,Dispatch,,Super Shine,Super Shine,https://www.supershinejax.com/,"Jacksonville, FL",Jacksonville,FL,exterior,pressure washing,request_form,"there's no way to ask for a quote on your site, so homeowners have to call and catch you between jobs",quote requests,a short quote request form near the top that works on a phone and sends straight to you,prices,While I was there I'd also show starting prices., before the spring rush,exterior-other-gaps,personal,unverified,yes,no
nick@d2pressurewashing.com,Nick,Nick,,D2HYDRO-WASH,D2HYDRO-WASH,https://www.d2pressurewashing.com/,"Helotes, TX",Helotes,TX,exterior,pressure washing,reviews,"you've got plenty of strong Google reviews, but none of them show on your site, and reviews are one of the first things a homeowner checks",your google reviews,"your best Google reviews right under the headline, next to your phone number",,, before the spring rush,exterior-other-gaps,personal,unverified,yes,no
info@oliucleaning.com,there,,,Oliu Cleaning Services,Oliu Cleaning Services,http://www.oliucleaning.com/,"Greenville, SC",Greenville,SC,exterior,pressure washing,reviews,"you've got plenty of strong Google reviews, but none of them show on your site, and reviews are one of the first things a homeowner checks",your google reviews,"your best Google reviews right under the headline, next to your phone number",prices,While I was there I'd also show starting prices., before the spring rush,exterior-other-gaps,role,unverified,yes,no
support@shinglerxnashville.com,there,,,SHINGLE RX NASHVILLE,SHINGLE RX NASHVILLE,https://shinglerxnashville.com/,"Hendersonville, TN",Hendersonville,TN,exterior,roof cleaning,reviews,"you've got plenty of strong Google reviews, but none of them show on your site, and reviews are one of the first things a homeowner checks",your google reviews,"your best Google reviews right under the headline, next to your phone number",before_after,While I was there I'd also put your before-and-afters up top., before the spring rush,exterior-other-gaps,role,unverified,yes,no
info@primeguttershouston.com,there,,,Prime Gutters Houston,Prime Gutters Houston,https://www.primeguttershouston.com/,"Houston, TX",Houston,TX,exterior,gutter cleaning,reviews,"you've got plenty of strong Google reviews, but none of them show on your site, and reviews are one of the first things a homeowner checks",your google reviews,"your best Google reviews right under the headline, next to your phone number",prices,While I was there I'd also show starting prices., before the spring rush,exterior-other-gaps,role,unverified,yes,no
roylis.rodriguez@gmail.com,there,,,Restore It Solutions,Restore It Solutions,https://www.restoreitsolution.com/,"Tampa, FL",Tampa,FL,exterior,pressure washing,reviews,"you've got plenty of strong Google reviews, but none of them show on your site, and reviews are one of the first things a homeowner checks",your google reviews,"your best Google reviews right under the headline, next to your phone number",prices,While I was there I'd also show starting prices., before the spring rush,exterior-other-gaps,free,unverified,yes,no
admin@optimumwindowcleaning.com,there,,,Optimum window cleaning and pressure washing,Optimum window cleaning,https://www.optimumwindowcleaning.com/,"Birmingham, AL",Birmingham,AL,exterior,window cleaning,request_form,"there's no way to ask for a quote on your site, so homeowners have to call and catch you between jobs",quote requests,a short quote request form near the top that works on a phone and sends straight to you,prices,While I was there I'd also show starting prices., before the spring rush,exterior-other-gaps,role,unverified,yes,no
wesalicompany@gmail.com,there,,,Erick Roofing & Gutters,Erick Roofing,https://erickroofinggutters.com/,"Phoenix, AZ",Phoenix,AZ,exterior,gutter cleaning,request_form,"there's no way to ask for a quote on your site, so homeowners have to call and catch you between jobs",quote requests,a short quote request form near the top that works on a phone and sends straight to you,prices,While I was there I'd also show starting prices., before the spring rush,exterior-other-gaps,free,unverified,yes,no
mike@pressurewashingpro.com,there,Mike,,"Wash Pro, Professional Exterior Cleaning",Wash Pro,https://www.pressurewashingpro.com/,"Greensboro, NC",Greensboro,NC,exterior,pressure washing,request_form,"there's no way to ask for a quote on your site, so homeowners have to call and catch you between jobs",quote requests,a short quote request form near the top that works on a phone and sends straight to you,prices,While I was there I'd also show starting prices., before the spring rush,exterior-other-gaps,personal,unverified,yes,no
help@gleampowerwashing.com,there,,,Gleam Commercial,Gleam Commercial,https://gleampowerwashing.com/,"Richardson, TX",Richardson,TX,exterior,pressure washing,tap_to_call,"on a phone there's no button to tap and call you, so people have to copy your number by hand",call button,a call button and a text button that stay at the bottom of the screen on phones,,, before the spring rush,exterior-other-gaps,role,unverified,yes,no
aaahotcold@aol.com,there,,,AAA Tri County Restoration Service,AAA Tri County Restoration Service,http://aaatricountyrestorationservice.com/,"Ocala, FL",Ocala,FL,exterior,pressure washing,request_form,"there's no way to ask for a quote on your site, so homeowners have to call and catch you between jobs",quote requests,a short quote request form near the top that works on a phone and sends straight to you,prices,While I was there I'd also show starting prices., before the spring rush,exterior-other-gaps,free,unverified,yes,no
daewindows@aol.com,there,,,DAE,DAE,https://daewindowcleaning.com/contact.html,"Raleigh, NC",Raleigh,NC,exterior,pressure washing,not_mobile,"your site isn't set up for phones, so it shows up shrunk down and hard to tap, and most people looking you up are on a phone",your site on phones,"a page built for phones first, with your number and a quote request button you can hit with a thumb",prices,While I was there I'd also show starting prices., before the spring rush,exterior-other-gaps,free,unverified,yes,no
james@gpwash.com,there,James,,Gioffre Gutter Cleaning,Gioffre Gutter Cleaning,http://gpwash.com/,"League City, TX",League City,TX,exterior,gutter cleaning,request_form,"there's no way to ask for a quote on your site, so homeowners have to call and catch you between jobs",quote requests,a short quote request form near the top that works on a phone and sends straight to you,prices,While I was there I'd also show starting prices., before the spring rush,exterior-other-gaps,personal,unverified,yes,no
expresspressurewash1@gmail.com,there,,,Express pressure washing,Express pressure washing,http://www.epwashing.com/,"Atlanta, GA",Atlanta,GA,exterior,pressure washing,request_form,"there's no way to ask for a quote on your site, so homeowners have to call and catch you between jobs",quote requests,a short quote request form near the top that works on a phone and sends straight to you,prices,While I was there I'd also show starting prices., before the spring rush,exterior-other-gaps,free,unverified,yes,no
snyderwash@gmail.com,there,,,Snyder Mobile Power Wash Services.,Snyder Mobile Power Wash Services.,http://www.snyderwash.com/,"Nashville, TN",Nashville,TN,exterior,pressure washing,request_form,"there's no way to ask for a quote on your site, so homeowners have to call and catch you between jobs",quote requests,a short quote request form near the top that works on a phone and sends straight to you,prices,While I was there I'd also show starting prices., before the spring rush,exterior-other-gaps,free,unverified,yes,no
hello@ashlaroutdoors.com,there,,,Ashlar Outdoors,Ashlar Outdoors,https://ashlaroutdoors.com/,"Greenville, SC",Greenville,SC,exterior,pressure washing,request_form,"there's no way to ask for a quote on your site, so homeowners have to call and catch you between jobs",quote requests,a short quote request form near the top that works on a phone and sends straight to you,prices,While I was there I'd also show starting prices., before the spring rush,exterior-other-gaps,role,unverified,yes,no
eepowerwashdfw@gmail.com,there,,,Elegant Exteriors Power Washing,Elegant Exteriors Power Washing,https://www.elegantexteriorsdfw.com/#contact,"Dallas, TX",Dallas,TX,exterior,pressure washing,request_form,"there's no way to ask for a quote on your site, so homeowners have to call and catch you between jobs",quote requests,a short quote request form near the top that works on a phone and sends straight to you,prices,While I was there I'd also show starting prices., before the spring rush,exterior-other-gaps,free,unverified,yes,no
dcpressurewash@gmail.com,there,,,DC Pressure Washing,DC Pressure Washing,https://dcpressurewashing.com/,"Deer Park, TX",Deer Park,TX,exterior,pressure washing,request_form,"there's no way to ask for a quote on your site, so homeowners have to call and catch you between jobs",quote requests,a short quote request form near the top that works on a phone and sends straight to you,prices,While I was there I'd also show starting prices., before the spring rush,exterior-other-gaps,free,unverified,yes,no
kevin@taylorspowerwashing.com,there,Kevin,,Taylors Power Washing,Taylors Power Washing,https://taylorspowerwashing.com/contact-us/,"Little Rock, AR",Little Rock,AR,exterior,pressure washing,request_form,"there's no way to ask for a quote on your site, so homeowners have to call and catch you between jobs",quote requests,a short quote request form near the top that works on a phone and sends straight to you,prices,While I was there I'd also show starting prices., before the spring rush,exterior-other-gaps,personal,unverified,yes,no
